student_id,term,fee_amount,amount_paid,days_late,status,family_income_bracket,transport_user,sibling_count,will_default
1,1,10000,10000,0,paid,Medium,0,1,0
1,2,10000,10000,0,paid,Medium,0,1,0
1,3,10000,10000,0,paid,Medium,0,1,0
2,1,10000,10000,33,late,High,1,0,0
2,2,10000,10000,12,late,High,1,0,0
2,3,10000,10000,31,late,High,1,0,0
3,1,10000,10000,0,paid,High,0,2,0
3,2,10000,10000,0,paid,High,0,2,0
3,3,10000,10000,0,paid,High,0,2,0
4,1,10000,10000,0,paid,Low,0,1,0
4,2,10000,10000,0,paid,Low,0,1,0
4,3,10000,10000,0,paid,Low,0,1,0
5,1,10000,10000,0,paid,High,0,0,0
5,2,10000,10000,0,paid,High,0,0,0
5,3,10000,10000,0,paid,High,0,0,0
6,1,10000,10000,0,paid,Low,1,0,0
6,2,10000,10000,0,paid,Low,1,0,0
6,3,10000,10000,0,paid,Low,1,0,0
7,1,10000,10000,16,late,Medium,0,0,0
7,2,10000,10000,30,late,Medium,0,0,0
7,3,10000,10000,18,late,Medium,0,0,0
8,1,10000,10000,18,late,High,0,3,0
8,2,10000,10000,35,late,High,0,3,0
8,3,10000,10000,11,late,High,0,3,0
9,1,10000,10000,0,paid,Medium,0,0,0
9,2,10000,10000,0,paid,Medium,0,0,0
9,3,10000,10000,0,paid,Medium,0,0,0
10,1,10000,10000,0,paid,High,0,0,0
10,2,10000,10000,0,paid,High,0,0,0
10,3,10000,10000,0,paid,High,0,0,0
11,1,10000,10000,0,paid,Medium,0,1,0
11,2,10000,10000,0,paid,Medium,0,1,0
11,3,10000,10000,0,paid,Medium,0,1,0
12,1,10000,10000,23,late,Low,0,2,0
12,2,10000,10000,40,late,Low,0,2,0
12,3,10000,10000,24,late,Low,0,2,0
13,1,10000,10000,0,paid,High,1,0,0
13,2,10000,10000,0,paid,High,1,0,0
13,3,10000,10000,0,paid,High,1,0,0
14,1,10000,10000,0,paid,Medium,1,2,0
14,2,10000,10000,0,paid,Medium,1,2,0
14,3,10000,10000,0,paid,Medium,1,2,0
15,1,10000,10000,10,late,High,0,0,0
15,2,10000,10000,34,late,High,0,0,0
15,3,10000,10000,16,late,High,0,0,0
16,1,10000,10000,0,paid,Medium,1,0,0
16,2,10000,10000,0,paid,Medium,1,0,0
16,3,10000,10000,0,paid,Medium,1,0,0
17,1,10000,10000,0,paid,High,0,1,0
17,2,10000,10000,0,paid,High,0,1,0
17,3,10000,10000,0,paid,High,0,1,0
18,1,10000,10000,21,late,Low,0,2,0
18,2,10000,10000,43,late,Low,0,2,0
18,3,10000,10000,42,late,Low,0,2,0
19,1,10000,10000,0,paid,High,1,0,0
19,2,10000,10000,0,paid,High,1,0,0
19,3,10000,10000,0,paid,High,1,0,0
20,1,10000,10000,0,paid,Medium,0,0,0
20,2,10000,10000,0,paid,Medium,0,0,0
20,3,10000,10000,0,paid,Medium,0,0,0
21,1,10000,10000,0,paid,Medium,0,1,0
21,2,10000,10000,0,paid,Medium,0,1,0
21,3,10000,10000,0,paid,Medium,0,1,0
22,1,10000,10000,0,paid,Medium,0,0,0
22,2,10000,10000,0,paid,Medium,0,0,0
22,3,10000,10000,0,paid,Medium,0,0,0
23,1,10000,10000,0,paid,High,1,1,0
23,2,10000,10000,0,paid,High,1,1,0
23,3,10000,10000,0,paid,High,1,1,0
24,1,10000,10000,0,paid,Medium,0,0,0
24,2,10000,10000,0,paid,Medium,0,0,0
24,3,10000,10000,0,paid,Medium,0,0,0
25,1,10000,10000,0,paid,Medium,1,0,0
25,2,10000,10000,0,paid,Medium,1,0,0
25,3,10000,10000,0,paid,Medium,1,0,0
26,1,10000,10000,0,paid,High,0,2,0
26,2,10000,10000,0,paid,High,0,2,0
26,3,10000,10000,0,paid,High,0,2,0
27,1,10000,10000,20,late,Low,0,0,0
27,2,10000,10000,37,late,Low,0,0,0
27,3,10000,10000,34,late,Low,0,0,0
28,1,10000,10000,0,paid,Medium,1,0,0
28,2,10000,10000,0,paid,Medium,1,0,0
28,3,10000,10000,0,paid,Medium,1,0,0
29,1,10000,10000,0,paid,Low,0,0,0
29,2,10000,10000,0,paid,Low,0,0,0
29,3,10000,10000,0,paid,Low,0,0,0
30,1,10000,10000,0,paid,Medium,1,0,0
30,2,10000,10000,0,paid,Medium,1,0,0
30,3,10000,10000,0,paid,Medium,1,0,0
31,1,10000,10000,0,paid,Low,1,1,0
31,2,10000,10000,0,paid,Low,1,1,0
31,3,10000,10000,0,paid,Low,1,1,0
32,1,10000,10000,0,paid,Medium,0,3,0
32,2,10000,10000,0,paid,Medium,0,3,0
32,3,10000,10000,0,paid,Medium,0,3,0
33,1,10000,10000,0,paid,Medium,1,0,0
33,2,10000,10000,0,paid,Medium,1,0,0
33,3,10000,10000,0,paid,Medium,1,0,0
34,1,10000,10000,0,paid,Medium,0,0,0
34,2,10000,10000,0,paid,Medium,0,0,0
34,3,10000,10000,0,paid,Medium,0,0,0
35,1,10000,10000,0,paid,Low,1,0,0
35,2,10000,10000,0,paid,Low,1,0,0
35,3,10000,10000,0,paid,Low,1,0,0
36,1,10000,10000,0,paid,Low,1,1,0
36,2,10000,10000,0,paid,Low,1,1,0
36,3,10000,10000,0,paid,Low,1,1,0
37,1,10000,10000,0,paid,High,0,0,0
37,2,10000,10000,0,paid,High,0,0,0
37,3,10000,10000,0,paid,High,0,0,0
38,1,10000,10000,15,late,Medium,0,0,0
38,2,10000,10000,25,late,Medium,0,0,0
38,3,10000,10000,38,late,Medium,0,0,0
39,1,10000,10000,0,paid,Low,1,0,0
39,2,10000,10000,0,paid,Low,1,0,0
39,3,10000,10000,0,paid,Low,1,0,0
40,1,10000,10000,27,late,Low,1,0,0
40,2,10000,10000,10,late,Low,1,0,0
40,3,10000,10000,20,late,Low,1,0,0
41,1,10000,10000,44,late,Medium,1,2,0
41,2,10000,10000,16,late,Medium,1,2,0
41,3,10000,10000,25,late,Medium,1,2,0
42,1,10000,10000,0,paid,Low,0,1,0
42,2,10000,10000,0,paid,Low,0,1,0
42,3,10000,10000,0,paid,Low,0,1,0
43,1,10000,10000,0,paid,High,0,2,0
43,2,10000,10000,0,paid,High,0,2,0
43,3,10000,10000,0,paid,High,0,2,0
44,1,10000,10000,33,late,Medium,1,1,0
44,2,10000,10000,42,late,Medium,1,1,0
44,3,10000,10000,33,late,Medium,1,1,0
45,1,10000,10000,0,paid,Low,0,1,0
45,2,10000,10000,0,paid,Low,0,1,0
45,3,10000,10000,0,paid,Low,0,1,0
46,1,10000,0,77,default,Medium,1,2,1
46,2,10000,0,94,default,Medium,1,2,1
46,3,10000,0,75,default,Medium,1,2,1
47,1,10000,10000,0,paid,Low,1,0,0
47,2,10000,10000,0,paid,Low,1,0,0
47,3,10000,10000,0,paid,Low,1,0,0
48,1,10000,10000,0,paid,High,1,1,0
48,2,10000,10000,0,paid,High,1,1,0
48,3,10000,10000,0,paid,High,1,1,0
49,1,10000,10000,0,paid,Medium,0,1,0
49,2,10000,10000,0,paid,Medium,0,1,0
49,3,10000,10000,0,paid,Medium,0,1,0
50,1,10000,10000,0,paid,High,0,3,0
50,2,10000,10000,0,paid,High,0,3,0
50,3,10000,10000,0,paid,High,0,3,0
51,1,10000,10000,0,paid,Low,0,0,0
51,2,10000,10000,0,paid,Low,0,0,0
51,3,10000,10000,0,paid,Low,0,0,0
52,1,10000,10000,0,paid,Medium,0,0,0
52,2,10000,10000,0,paid,Medium,0,0,0
52,3,10000,10000,0,paid,Medium,0,0,0
53,1,10000,0,65,default,Medium,0,0,1
53,2,10000,0,96,default,Medium,0,0,1
53,3,10000,0,83,default,Medium,0,0,1
54,1,10000,0,80,default,Medium,0,1,1
54,2,10000,0,92,default,Medium,0,1,1
54,3,10000,0,62,default,Medium,0,1,1
55,1,10000,10000,0,paid,High,0,2,0
55,2,10000,10000,0,paid,High,0,2,0
55,3,10000,10000,0,paid,High,0,2,0
56,1,10000,0,86,default,Medium,1,1,1
56,2,10000,0,85,default,Medium,1,1,1
56,3,10000,0,76,default,Medium,1,1,1
57,1,10000,10000,0,paid,Low,1,1,0
57,2,10000,10000,0,paid,Low,1,1,0
57,3,10000,10000,0,paid,Low,1,1,0
58,1,10000,10000,0,paid,High,0,0,0
58,2,10000,10000,0,paid,High,0,0,0
58,3,10000,10000,0,paid,High,0,0,0
59,1,10000,10000,0,paid,High,1,1,0
59,2,10000,10000,0,paid,High,1,1,0
59,3,10000,10000,0,paid,High,1,1,0
60,1,10000,10000,24,late,High,1,0,0
60,2,10000,10000,37,late,High,1,0,0
60,3,10000,10000,43,late,High,1,0,0
61,1,10000,10000,0,paid,High,0,0,0
61,2,10000,10000,0,paid,High,0,0,0
61,3,10000,10000,0,paid,High,0,0,0
62,1,10000,10000,0,paid,Medium,1,1,0
62,2,10000,10000,0,paid,Medium,1,1,0
62,3,10000,10000,0,paid,Medium,1,1,0
63,1,10000,10000,0,paid,High,0,0,0
63,2,10000,10000,0,paid,High,0,0,0
63,3,10000,10000,0,paid,High,0,0,0
64,1,10000,10000,0,paid,Medium,0,0,0
64,2,10000,10000,0,paid,Medium,0,0,0
64,3,10000,10000,0,paid,Medium,0,0,0
65,1,10000,10000,0,paid,High,1,1,0
65,2,10000,10000,0,paid,High,1,1,0
65,3,10000,10000,0,paid,High,1,1,0
66,1,10000,10000,0,paid,Medium,0,3,0
66,2,10000,10000,0,paid,Medium,0,3,0
66,3,10000,10000,0,paid,Medium,0,3,0
67,1,10000,10000,0,paid,Medium,0,0,0
67,2,10000,10000,0,paid,Medium,0,0,0
67,3,10000,10000,0,paid,Medium,0,0,0
68,1,10000,10000,18,late,High,1,3,0
68,2,10000,10000,21,late,High,1,3,0
68,3,10000,10000,10,late,High,1,3,0
69,1,10000,10000,0,paid,High,1,0,0
69,2,10000,10000,0,paid,High,1,0,0
69,3,10000,10000,0,paid,High,1,0,0
70,1,10000,10000,0,paid,Medium,0,0,1
70,2,10000,10000,0,paid,Medium,0,0,1
70,3,10000,0,81,default,Medium,0,0,1
71,1,10000,10000,0,paid,Medium,1,1,0
71,2,10000,10000,0,paid,Medium,1,1,0
71,3,10000,10000,0,paid,Medium,1,1,0
72,1,10000,10000,0,paid,High,1,0,0
72,2,10000,10000,0,paid,High,1,0,0
72,3,10000,10000,0,paid,High,1,0,0
73,1,10000,10000,0,paid,Medium,0,0,0
73,2,10000,10000,0,paid,Medium,0,0,0
73,3,10000,10000,0,paid,Medium,0,0,0
74,1,10000,10000,0,paid,Medium,0,0,0
74,2,10000,10000,0,paid,Medium,0,0,0
74,3,10000,10000,0,paid,Medium,0,0,0
75,1,10000,10000,40,late,Medium,1,2,0
75,2,10000,10000,19,late,Medium,1,2,0
75,3,10000,10000,28,late,Medium,1,2,0
76,1,10000,10000,0,paid,Medium,0,1,0
76,2,10000,10000,0,paid,Medium,0,1,0
76,3,10000,10000,0,paid,Medium,0,1,0
77,1,10000,10000,0,paid,High,0,0,0
77,2,10000,10000,0,paid,High,0,0,0
77,3,10000,10000,0,paid,High,0,0,0
78,1,10000,10000,0,paid,Low,0,0,0
78,2,10000,10000,0,paid,Low,0,0,0
78,3,10000,10000,0,paid,Low,0,0,0
79,1,10000,10000,0,paid,Medium,0,2,0
79,2,10000,10000,0,paid,Medium,0,2,0
79,3,10000,10000,0,paid,Medium,0,2,0
80,1,10000,10000,0,paid,Low,0,0,0
80,2,10000,10000,0,paid,Low,0,0,0
80,3,10000,10000,0,paid,Low,0,0,0
81,1,10000,10000,0,paid,High,1,0,0
81,2,10000,10000,0,paid,High,1,0,0
81,3,10000,10000,0,paid,High,1,0,0
82,1,10000,10000,0,paid,High,1,2,0
82,2,10000,10000,0,paid,High,1,2,0
82,3,10000,10000,0,paid,High,1,2,0
83,1,10000,10000,0,paid,Low,1,0,0
83,2,10000,10000,0,paid,Low,1,0,0
83,3,10000,10000,0,paid,Low,1,0,0
84,1,10000,10000,19,late,Medium,0,1,0
84,2,10000,10000,18,late,Medium,0,1,0
84,3,10000,10000,33,late,Medium,0,1,0
85,1,10000,10000,0,paid,Low,0,0,0
85,2,10000,10000,0,paid,Low,0,0,0
85,3,10000,10000,0,paid,Low,0,0,0
86,1,10000,10000,22,late,Medium,1,2,0
86,2,10000,10000,32,late,Medium,1,2,0
86,3,10000,10000,34,late,Medium,1,2,0
87,1,10000,10000,0,paid,High,1,1,0
87,2,10000,10000,0,paid,High,1,1,0
87,3,10000,10000,0,paid,High,1,1,0
88,1,10000,10000,0,paid,Medium,1,0,0
88,2,10000,10000,0,paid,Medium,1,0,0
88,3,10000,10000,0,paid,Medium,1,0,0
89,1,10000,10000,0,paid,Low,0,0,1
89,2,10000,0,75,default,Low,0,0,1
89,3,10000,0,64,default,Low,0,0,1
90,1,10000,10000,0,paid,High,1,1,0
90,2,10000,10000,0,paid,High,1,1,0
90,3,10000,10000,0,paid,High,1,1,0
91,1,10000,10000,0,paid,Medium,0,0,0
91,2,10000,10000,0,paid,Medium,0,0,0
91,3,10000,10000,0,paid,Medium,0,0,0
92,1,10000,10000,20,late,High,0,0,0
92,2,10000,10000,27,late,High,0,0,0
92,3,10000,10000,21,late,High,0,0,0
93,1,10000,10000,22,late,Medium,0,2,0
93,2,10000,10000,18,late,Medium,0,2,0
93,3,10000,10000,36,late,Medium,0,2,0
94,1,10000,0,60,default,Medium,1,0,1
94,2,10000,10000,0,paid,Medium,1,0,1
94,3,10000,0,76,default,Medium,1,0,1
95,1,10000,10000,0,paid,Low,0,1,0
95,2,10000,10000,0,paid,Low,0,1,0
95,3,10000,10000,0,paid,Low,0,1,0
96,1,10000,10000,0,paid,High,0,1,0
96,2,10000,10000,0,paid,High,0,1,0
96,3,10000,10000,0,paid,High,0,1,0
97,1,10000,10000,0,paid,Low,1,0,0
97,2,10000,10000,0,paid,Low,1,0,0
97,3,10000,10000,0,paid,Low,1,0,0
98,1,10000,10000,0,paid,Medium,1,0,0
98,2,10000,10000,0,paid,Medium,1,0,0
98,3,10000,10000,0,paid,Medium,1,0,0
99,1,10000,0,84,default,Medium,0,1,1
99,2,10000,10000,0,paid,Medium,0,1,1
99,3,10000,0,97,default,Medium,0,1,1
100,1,10000,10000,0,paid,Medium,0,3,0
100,2,10000,10000,0,paid,Medium,0,3,0
100,3,10000,10000,0,paid,Medium,0,3,0
101,1,10000,10000,44,late,Medium,1,2,0
101,2,10000,10000,28,late,Medium,1,2,0
101,3,10000,10000,29,late,Medium,1,2,0
102,1,10000,10000,0,paid,High,1,0,0
102,2,10000,10000,0,paid,High,1,0,0
102,3,10000,10000,0,paid,High,1,0,0
103,1,10000,10000,0,paid,Low,0,0,0
103,2,10000,10000,0,paid,Low,0,0,0
103,3,10000,10000,0,paid,Low,0,0,0
104,1,10000,10000,0,paid,Low,0,0,0
104,2,10000,10000,0,paid,Low,0,0,0
104,3,10000,10000,0,paid,Low,0,0,0
105,1,10000,10000,0,paid,High,1,0,0
105,2,10000,10000,0,paid,High,1,0,0
105,3,10000,10000,0,paid,High,1,0,0
106,1,10000,10000,0,paid,Medium,1,0,0
106,2,10000,10000,0,paid,Medium,1,0,0
106,3,10000,10000,0,paid,Medium,1,0,0
107,1,10000,10000,0,paid,High,0,0,0
107,2,10000,10000,0,paid,High,0,0,0
107,3,10000,10000,0,paid,High,0,0,0
108,1,10000,10000,0,paid,Medium,0,0,0
108,2,10000,10000,0,paid,Medium,0,0,0
108,3,10000,10000,0,paid,Medium,0,0,0
109,1,10000,10000,0,paid,High,0,0,0
109,2,10000,10000,0,paid,High,0,0,0
109,3,10000,10000,0,paid,High,0,0,0
110,1,10000,10000,0,paid,Low,1,2,0
110,2,10000,10000,0,paid,Low,1,2,0
110,3,10000,10000,0,paid,Low,1,2,0
111,1,10000,10000,0,paid,High,0,1,0
111,2,10000,10000,0,paid,High,0,1,0
111,3,10000,10000,0,paid,High,0,1,0
112,1,10000,10000,0,paid,Low,1,1,0
112,2,10000,10000,0,paid,Low,1,1,0
112,3,10000,10000,0,paid,Low,1,1,0
113,1,10000,10000,0,paid,Low,0,0,0
113,2,10000,10000,0,paid,Low,0,0,0
113,3,10000,10000,0,paid,Low,0,0,0
114,1,10000,10000,0,paid,High,1,0,0
114,2,10000,10000,0,paid,High,1,0,0
114,3,10000,10000,0,paid,High,1,0,0
115,1,10000,10000,0,paid,Medium,0,2,0
115,2,10000,10000,0,paid,Medium,0,2,0
115,3,10000,10000,0,paid,Medium,0,2,0
116,1,10000,10000,0,paid,Medium,0,0,0
116,2,10000,10000,0,paid,Medium,0,0,0
116,3,10000,10000,0,paid,Medium,0,0,0
117,1,10000,10000,0,paid,High,1,0,0
117,2,10000,10000,0,paid,High,1,0,0
117,3,10000,10000,0,paid,High,1,0,0
118,1,10000,10000,0,paid,Low,0,0,0
118,2,10000,10000,0,paid,Low,0,0,0
118,3,10000,10000,0,paid,Low,0,0,0
119,1,10000,10000,21,late,High,0,0,0
119,2,10000,10000,10,late,High,0,0,0
119,3,10000,10000,14,late,High,0,0,0
120,1,10000,10000,0,paid,High,0,1,0
120,2,10000,10000,0,paid,High,0,1,0
120,3,10000,10000,0,paid,High,0,1,0
121,1,10000,10000,43,late,Medium,0,1,0
121,2,10000,10000,43,late,Medium,0,1,0
121,3,10000,10000,27,late,Medium,0,1,0
122,1,10000,10000,0,paid,Medium,0,2,0
122,2,10000,10000,0,paid,Medium,0,2,0
122,3,10000,10000,0,paid,Medium,0,2,0
123,1,10000,10000,0,paid,Medium,0,0,0
123,2,10000,10000,0,paid,Medium,0,0,0
123,3,10000,10000,0,paid,Medium,0,0,0
124,1,10000,10000,19,late,Low,0,0,0
124,2,10000,10000,26,late,Low,0,0,0
124,3,10000,10000,29,late,Low,0,0,0
125,1,10000,10000,0,paid,Medium,0,0,0
125,2,10000,10000,0,paid,Medium,0,0,0
125,3,10000,10000,0,paid,Medium,0,0,0
126,1,10000,10000,0,paid,Medium,1,0,0
126,2,10000,10000,0,paid,Medium,1,0,0
126,3,10000,10000,0,paid,Medium,1,0,0
127,1,10000,10000,0,paid,High,1,0,0
127,2,10000,10000,0,paid,High,1,0,0
127,3,10000,10000,0,paid,High,1,0,0
128,1,10000,10000,0,paid,High,1,2,0
128,2,10000,10000,0,paid,High,1,2,0
128,3,10000,10000,0,paid,High,1,2,0
129,1,10000,10000,0,paid,Medium,1,0,0
129,2,10000,10000,0,paid,Medium,1,0,0
129,3,10000,10000,0,paid,Medium,1,0,0
130,1,10000,10000,0,paid,High,1,0,0
130,2,10000,10000,0,paid,High,1,0,0
130,3,10000,10000,0,paid,High,1,0,0
131,1,10000,10000,0,paid,High,0,0,0
131,2,10000,10000,0,paid,High,0,0,0
131,3,10000,10000,0,paid,High,0,0,0
132,1,10000,10000,0,paid,Medium,0,0,0
132,2,10000,10000,0,paid,Medium,0,0,0
132,3,10000,10000,0,paid,Medium,0,0,0
133,1,10000,10000,26,late,Medium,1,2,0
133,2,10000,10000,35,late,Medium,1,2,0
133,3,10000,10000,10,late,Medium,1,2,0
134,1,10000,10000,0,paid,High,0,3,0
134,2,10000,10000,0,paid,High,0,3,0
134,3,10000,10000,0,paid,High,0,3,0
135,1,10000,10000,0,paid,Low,1,1,0
135,2,10000,10000,0,paid,Low,1,1,0
135,3,10000,10000,0,paid,Low,1,1,0
136,1,10000,10000,0,paid,Medium,1,0,0
136,2,10000,10000,0,paid,Medium,1,0,0
136,3,10000,10000,0,paid,Medium,1,0,0
137,1,10000,10000,0,paid,Medium,0,1,0
137,2,10000,10000,0,paid,Medium,0,1,0
137,3,10000,10000,0,paid,Medium,0,1,0
138,1,10000,10000,0,paid,Low,1,0,0
138,2,10000,10000,0,paid,Low,1,0,0
138,3,10000,10000,0,paid,Low,1,0,0
139,1,10000,10000,31,late,Medium,1,1,0
139,2,10000,10000,35,late,Medium,1,1,0
139,3,10000,10000,34,late,Medium,1,1,0
140,1,10000,10000,0,paid,Low,0,1,0
140,2,10000,10000,0,paid,Low,0,1,0
140,3,10000,10000,0,paid,Low,0,1,0
141,1,10000,10000,0,paid,Medium,1,1,0
141,2,10000,10000,0,paid,Medium,1,1,0
141,3,10000,10000,0,paid,Medium,1,1,0
142,1,10000,10000,0,paid,Medium,0,0,0
142,2,10000,10000,0,paid,Medium,0,0,0
142,3,10000,10000,0,paid,Medium,0,0,0
143,1,10000,10000,0,paid,Medium,0,1,0
143,2,10000,10000,0,paid,Medium,0,1,0
143,3,10000,10000,0,paid,Medium,0,1,0
144,1,10000,10000,0,paid,Low,0,0,0
144,2,10000,10000,0,paid,Low,0,0,0
144,3,10000,10000,0,paid,Low,0,0,0
145,1,10000,10000,0,paid,High,1,0,0
145,2,10000,10000,0,paid,High,1,0,0
145,3,10000,10000,0,paid,High,1,0,0
146,1,10000,10000,0,paid,High,1,2,0
146,2,10000,10000,0,paid,High,1,2,0
146,3,10000,10000,0,paid,High,1,2,0
147,1,10000,10000,0,paid,Medium,0,3,0
147,2,10000,10000,0,paid,Medium,0,3,0
147,3,10000,10000,0,paid,Medium,0,3,0
148,1,10000,10000,39,late,Medium,0,2,0
148,2,10000,10000,11,late,Medium,0,2,0
148,3,10000,10000,24,late,Medium,0,2,0
149,1,10000,10000,0,paid,Medium,0,2,0
149,2,10000,10000,0,paid,Medium,0,2,0
149,3,10000,10000,0,paid,Medium,0,2,0
150,1,10000,10000,0,paid,Low,0,0,0
150,2,10000,10000,0,paid,Low,0,0,0
150,3,10000,10000,0,paid,Low,0,0,0
151,1,10000,10000,0,paid,Medium,0,1,0
151,2,10000,10000,0,paid,Medium,0,1,0
151,3,10000,10000,0,paid,Medium,0,1,0
152,1,10000,10000,0,paid,Medium,0,0,0
152,2,10000,10000,0,paid,Medium,0,0,0
152,3,10000,10000,0,paid,Medium,0,0,0
153,1,10000,10000,0,paid,Medium,0,1,0
153,2,10000,10000,0,paid,Medium,0,1,0
153,3,10000,10000,0,paid,Medium,0,1,0
154,1,10000,10000,0,paid,High,0,0,0
154,2,10000,10000,0,paid,High,0,0,0
154,3,10000,10000,0,paid,High,0,0,0
155,1,10000,10000,0,paid,High,1,0,0
155,2,10000,10000,0,paid,High,1,0,0
155,3,10000,10000,0,paid,High,1,0,0
156,1,10000,10000,0,paid,Medium,1,2,0
156,2,10000,10000,0,paid,Medium,1,2,0
156,3,10000,10000,0,paid,Medium,1,2,0
157,1,10000,10000,0,paid,Medium,0,3,0
157,2,10000,10000,0,paid,Medium,0,3,0
157,3,10000,10000,0,paid,Medium,0,3,0
158,1,10000,10000,0,paid,Medium,0,1,0
158,2,10000,10000,0,paid,Medium,0,1,0
158,3,10000,10000,0,paid,Medium,0,1,0
159,1,10000,10000,0,paid,Medium,0,1,0
159,2,10000,10000,0,paid,Medium,0,1,0
159,3,10000,10000,0,paid,Medium,0,1,0
160,1,10000,10000,0,paid,Low,1,0,0
160,2,10000,10000,0,paid,Low,1,0,0
160,3,10000,10000,0,paid,Low,1,0,0
161,1,10000,10000,0,paid,Low,1,1,0
161,2,10000,10000,0,paid,Low,1,1,0
161,3,10000,10000,0,paid,Low,1,1,0
162,1,10000,10000,0,paid,Medium,0,2,0
162,2,10000,10000,0,paid,Medium,0,2,0
162,3,10000,10000,0,paid,Medium,0,2,0
163,1,10000,10000,0,paid,Medium,0,1,0
163,2,10000,10000,0,paid,Medium,0,1,0
163,3,10000,10000,0,paid,Medium,0,1,0
164,1,10000,10000,0,paid,Medium,0,0,0
164,2,10000,10000,0,paid,Medium,0,0,0
164,3,10000,10000,0,paid,Medium,0,0,0
165,1,10000,10000,0,paid,Medium,0,0,0
165,2,10000,10000,0,paid,Medium,0,0,0
165,3,10000,10000,0,paid,Medium,0,0,0
166,1,10000,10000,0,paid,Medium,1,2,0
166,2,10000,10000,0,paid,Medium,1,2,0
166,3,10000,10000,0,paid,Medium,1,2,0
167,1,10000,10000,0,paid,Medium,0,3,0
167,2,10000,10000,0,paid,Medium,0,3,0
167,3,10000,10000,0,paid,Medium,0,3,0
168,1,10000,10000,0,paid,Medium,0,0,0
168,2,10000,10000,0,paid,Medium,0,0,0
168,3,10000,10000,0,paid,Medium,0,0,0
169,1,10000,10000,0,paid,Medium,0,1,0
169,2,10000,10000,0,paid,Medium,0,1,0
169,3,10000,10000,0,paid,Medium,0,1,0
170,1,10000,10000,0,paid,Medium,1,0,0
170,2,10000,10000,0,paid,Medium,1,0,0
170,3,10000,10000,0,paid,Medium,1,0,0
171,1,10000,10000,0,paid,Medium,0,0,0
171,2,10000,10000,0,paid,Medium,0,0,0
171,3,10000,10000,0,paid,Medium,0,0,0
172,1,10000,10000,0,paid,Medium,1,1,0
172,2,10000,10000,0,paid,Medium,1,1,0
172,3,10000,10000,0,paid,Medium,1,1,0
173,1,10000,0,65,default,Medium,0,2,1
173,2,10000,0,85,default,Medium,0,2,1
173,3,10000,0,71,default,Medium,0,2,1
174,1,10000,10000,0,paid,Low,1,0,0
174,2,10000,10000,0,paid,Low,1,0,0
174,3,10000,10000,0,paid,Low,1,0,0
175,1,10000,10000,14,late,Medium,0,0,0
175,2,10000,10000,17,late,Medium,0,0,0
175,3,10000,10000,37,late,Medium,0,0,0
176,1,10000,10000,0,paid,Medium,1,0,0
176,2,10000,10000,0,paid,Medium,1,0,0
176,3,10000,10000,0,paid,Medium,1,0,0
177,1,10000,10000,0,paid,Low,0,0,0
177,2,10000,10000,0,paid,Low,0,0,0
177,3,10000,10000,0,paid,Low,0,0,0
178,1,10000,10000,0,paid,High,1,2,0
178,2,10000,10000,0,paid,High,1,2,0
178,3,10000,10000,0,paid,High,1,2,0
179,1,10000,10000,0,paid,Medium,1,1,0
179,2,10000,10000,0,paid,Medium,1,1,0
179,3,10000,10000,0,paid,Medium,1,1,0
180,1,10000,10000,0,paid,Medium,1,1,0
180,2,10000,10000,0,paid,Medium,1,1,0
180,3,10000,10000,0,paid,Medium,1,1,0
181,1,10000,10000,16,late,High,0,2,0
181,2,10000,10000,27,late,High,0,2,0
181,3,10000,10000,36,late,High,0,2,0
182,1,10000,10000,0,paid,Medium,0,0,0
182,2,10000,10000,0,paid,Medium,0,0,0
182,3,10000,10000,0,paid,Medium,0,0,0
183,1,10000,10000,0,paid,High,1,0,0
183,2,10000,10000,0,paid,High,1,0,0
183,3,10000,10000,0,paid,High,1,0,0
184,1,10000,10000,0,paid,Low,1,1,0
184,2,10000,10000,0,paid,Low,1,1,0
184,3,10000,10000,0,paid,Low,1,1,0
185,1,10000,0,81,default,High,0,0,1
185,2,10000,0,99,default,High,0,0,1
185,3,10000,0,66,default,High,0,0,1
186,1,10000,10000,0,paid,Medium,1,1,0
186,2,10000,10000,0,paid,Medium,1,1,0
186,3,10000,10000,0,paid,Medium,1,1,0
187,1,10000,10000,0,paid,Low,1,0,0
187,2,10000,10000,0,paid,Low,1,0,0
187,3,10000,10000,0,paid,Low,1,0,0
188,1,10000,10000,0,paid,Medium,0,0,0
188,2,10000,10000,0,paid,Medium,0,0,0
188,3,10000,10000,0,paid,Medium,0,0,0
189,1,10000,10000,0,paid,Medium,0,0,0
189,2,10000,10000,0,paid,Medium,0,0,0
189,3,10000,10000,0,paid,Medium,0,0,0
190,1,10000,10000,12,late,Medium,1,0,0
190,2,10000,10000,41,late,Medium,1,0,0
190,3,10000,10000,19,late,Medium,1,0,0
191,1,10000,10000,0,paid,High,0,0,0
191,2,10000,10000,0,paid,High,0,0,0
191,3,10000,10000,0,paid,High,0,0,0
192,1,10000,10000,0,paid,High,0,1,0
192,2,10000,10000,0,paid,High,0,1,0
192,3,10000,10000,0,paid,High,0,1,0
193,1,10000,10000,0,paid,High,1,1,0
193,2,10000,10000,0,paid,High,1,1,0
193,3,10000,10000,0,paid,High,1,1,0
194,1,10000,10000,0,paid,High,0,0,0
194,2,10000,10000,0,paid,High,0,0,0
194,3,10000,10000,0,paid,High,0,0,0
195,1,10000,10000,0,paid,High,1,0,0
195,2,10000,10000,0,paid,High,1,0,0
195,3,10000,10000,0,paid,High,1,0,0
196,1,10000,10000,0,paid,Low,0,0,0
196,2,10000,10000,0,paid,Low,0,0,0
196,3,10000,10000,0,paid,Low,0,0,0
197,1,10000,10000,0,paid,High,1,2,0
197,2,10000,10000,0,paid,High,1,2,0
197,3,10000,10000,0,paid,High,1,2,0
198,1,10000,10000,0,paid,High,1,0,0
198,2,10000,10000,0,paid,High,1,0,0
198,3,10000,10000,0,paid,High,1,0,0
199,1,10000,10000,29,late,Medium,0,2,0
199,2,10000,10000,20,late,Medium,0,2,0
199,3,10000,10000,11,late,Medium,0,2,0
200,1,10000,10000,0,paid,Medium,1,2,0
200,2,10000,10000,0,paid,Medium,1,2,0
200,3,10000,10000,0,paid,Medium,1,2,0
201,1,10000,10000,0,paid,Medium,1,2,0
201,2,10000,10000,0,paid,Medium,1,2,0
201,3,10000,10000,0,paid,Medium,1,2,0
202,1,10000,10000,0,paid,Low,0,0,0
202,2,10000,10000,0,paid,Low,0,0,0
202,3,10000,10000,0,paid,Low,0,0,0
203,1,10000,10000,0,paid,Low,0,0,0
203,2,10000,10000,0,paid,Low,0,0,0
203,3,10000,10000,0,paid,Low,0,0,0
204,1,10000,10000,0,paid,Medium,0,1,0
204,2,10000,10000,0,paid,Medium,0,1,0
204,3,10000,10000,0,paid,Medium,0,1,0
205,1,10000,10000,0,paid,High,0,0,0
205,2,10000,10000,0,paid,High,0,0,0
205,3,10000,10000,0,paid,High,0,0,0
206,1,10000,10000,30,late,Low,0,1,0
206,2,10000,10000,43,late,Low,0,1,0
206,3,10000,10000,26,late,Low,0,1,0
207,1,10000,10000,0,paid,Medium,0,1,0
207,2,10000,10000,0,paid,Medium,0,1,0
207,3,10000,10000,0,paid,Medium,0,1,0
208,1,10000,10000,0,paid,High,1,0,0
208,2,10000,10000,0,paid,High,1,0,0
208,3,10000,10000,0,paid,High,1,0,0
209,1,10000,10000,0,paid,High,0,0,0
209,2,10000,10000,0,paid,High,0,0,0
209,3,10000,10000,0,paid,High,0,0,0
210,1,10000,10000,0,paid,Low,0,1,0
210,2,10000,10000,0,paid,Low,0,1,0
210,3,10000,10000,0,paid,Low,0,1,0
211,1,10000,10000,0,paid,Medium,0,0,0
211,2,10000,10000,0,paid,Medium,0,0,0
211,3,10000,10000,0,paid,Medium,0,0,0
212,1,10000,10000,0,paid,Medium,1,2,0
212,2,10000,10000,0,paid,Medium,1,2,0
212,3,10000,10000,0,paid,Medium,1,2,0
213,1,10000,10000,33,late,Low,0,1,0
213,2,10000,10000,31,late,Low,0,1,0
213,3,10000,10000,14,late,Low,0,1,0
214,1,10000,10000,0,paid,Medium,1,1,0
214,2,10000,10000,0,paid,Medium,1,1,0
214,3,10000,10000,0,paid,Medium,1,1,0
215,1,10000,10000,0,paid,Low,0,3,0
215,2,10000,10000,0,paid,Low,0,3,0
215,3,10000,10000,0,paid,Low,0,3,0
216,1,10000,10000,0,paid,Medium,0,0,0
216,2,10000,10000,0,paid,Medium,0,0,0
216,3,10000,10000,0,paid,Medium,0,0,0
217,1,10000,10000,0,paid,Medium,0,1,0
217,2,10000,10000,0,paid,Medium,0,1,0
217,3,10000,10000,0,paid,Medium,0,1,0
218,1,10000,0,71,default,High,1,0,1
218,2,10000,0,76,default,High,1,0,1
218,3,10000,0,69,default,High,1,0,1
219,1,10000,10000,0,paid,Medium,0,0,1
219,2,10000,10000,0,paid,Medium,0,0,1
219,3,10000,0,76,default,Medium,0,0,1
220,1,10000,10000,0,paid,Medium,0,2,0
220,2,10000,10000,0,paid,Medium,0,2,0
220,3,10000,10000,0,paid,Medium,0,2,0
221,1,10000,10000,41,late,Medium,1,3,0
221,2,10000,10000,19,late,Medium,1,3,0
221,3,10000,10000,25,late,Medium,1,3,0
222,1,10000,10000,23,late,Low,1,1,0
222,2,10000,10000,24,late,Low,1,1,0
222,3,10000,10000,16,late,Low,1,1,0
223,1,10000,10000,27,late,High,0,3,0
223,2,10000,10000,40,late,High,0,3,0
223,3,10000,10000,39,late,High,0,3,0
224,1,10000,10000,0,paid,High,0,1,0
224,2,10000,10000,0,paid,High,0,1,0
224,3,10000,10000,0,paid,High,0,1,0
225,1,10000,10000,0,paid,Medium,1,1,0
225,2,10000,10000,0,paid,Medium,1,1,0
225,3,10000,10000,0,paid,Medium,1,1,0
226,1,10000,10000,0,paid,Low,0,0,0
226,2,10000,10000,0,paid,Low,0,0,0
226,3,10000,10000,0,paid,Low,0,0,0
227,1,10000,10000,0,paid,Medium,0,1,0
227,2,10000,10000,0,paid,Medium,0,1,0
227,3,10000,10000,0,paid,Medium,0,1,0
228,1,10000,10000,11,late,Medium,0,0,0
228,2,10000,10000,44,late,Medium,0,0,0
228,3,10000,10000,43,late,Medium,0,0,0
229,1,10000,10000,44,late,High,0,1,0
229,2,10000,10000,38,late,High,0,1,0
229,3,10000,10000,38,late,High,0,1,0
230,1,10000,10000,0,paid,High,0,1,0
230,2,10000,10000,0,paid,High,0,1,0
230,3,10000,10000,0,paid,High,0,1,0
231,1,10000,10000,0,paid,Medium,1,0,0
231,2,10000,10000,0,paid,Medium,1,0,0
231,3,10000,10000,0,paid,Medium,1,0,0
232,1,10000,10000,0,paid,Medium,1,0,0
232,2,10000,10000,0,paid,Medium,1,0,0
232,3,10000,10000,0,paid,Medium,1,0,0
233,1,10000,10000,0,paid,Low,0,1,0
233,2,10000,10000,0,paid,Low,0,1,0
233,3,10000,10000,0,paid,Low,0,1,0
234,1,10000,10000,0,paid,Low,1,0,0
234,2,10000,10000,0,paid,Low,1,0,0
234,3,10000,10000,0,paid,Low,1,0,0
235,1,10000,10000,0,paid,High,0,1,0
235,2,10000,10000,0,paid,High,0,1,0
235,3,10000,10000,0,paid,High,0,1,0
236,1,10000,10000,0,paid,Medium,0,2,0
236,2,10000,10000,0,paid,Medium,0,2,0
236,3,10000,10000,0,paid,Medium,0,2,0
237,1,10000,10000,0,paid,Low,0,1,0
237,2,10000,10000,0,paid,Low,0,1,0
237,3,10000,10000,0,paid,Low,0,1,0
238,1,10000,10000,19,late,Medium,0,0,0
238,2,10000,10000,43,late,Medium,0,0,0
238,3,10000,10000,35,late,Medium,0,0,0
239,1,10000,10000,32,late,High,0,2,0
239,2,10000,10000,18,late,High,0,2,0
239,3,10000,10000,44,late,High,0,2,0
240,1,10000,10000,0,paid,Medium,0,0,0
240,2,10000,10000,0,paid,Medium,0,0,0
240,3,10000,10000,0,paid,Medium,0,0,0
241,1,10000,10000,0,paid,Medium,0,2,0
241,2,10000,10000,0,paid,Medium,0,2,0
241,3,10000,10000,0,paid,Medium,0,2,0
242,1,10000,10000,43,late,Medium,0,0,0
242,2,10000,10000,20,late,Medium,0,0,0
242,3,10000,10000,12,late,Medium,0,0,0
243,1,10000,10000,18,late,High,0,0,0
243,2,10000,10000,24,late,High,0,0,0
243,3,10000,10000,34,late,High,0,0,0
244,1,10000,10000,0,paid,Medium,1,0,0
244,2,10000,10000,0,paid,Medium,1,0,0
244,3,10000,10000,0,paid,Medium,1,0,0
245,1,10000,10000,0,paid,High,0,0,0
245,2,10000,10000,0,paid,High,0,0,0
245,3,10000,10000,0,paid,High,0,0,0
246,1,10000,10000,41,late,High,0,0,0
246,2,10000,10000,38,late,High,0,0,0
246,3,10000,10000,12,late,High,0,0,0
247,1,10000,10000,0,paid,Medium,0,1,0
247,2,10000,10000,0,paid,Medium,0,1,0
247,3,10000,10000,0,paid,Medium,0,1,0
248,1,10000,10000,22,late,Low,0,1,0
248,2,10000,10000,34,late,Low,0,1,0
248,3,10000,10000,36,late,Low,0,1,0
249,1,10000,10000,40,late,Medium,1,2,0
249,2,10000,10000,32,late,Medium,1,2,0
249,3,10000,10000,19,late,Medium,1,2,0
250,1,10000,10000,0,paid,Low,1,2,0
250,2,10000,10000,0,paid,Low,1,2,0
250,3,10000,10000,0,paid,Low,1,2,0
251,1,10000,10000,0,paid,Medium,0,0,0
251,2,10000,10000,0,paid,Medium,0,0,0
251,3,10000,10000,0,paid,Medium,0,0,0
252,1,10000,10000,0,paid,High,1,1,0
252,2,10000,10000,0,paid,High,1,1,0
252,3,10000,10000,0,paid,High,1,1,0
253,1,10000,10000,0,paid,Medium,1,2,0
253,2,10000,10000,0,paid,Medium,1,2,0
253,3,10000,10000,0,paid,Medium,1,2,0
254,1,10000,10000,37,late,High,1,0,0
254,2,10000,10000,24,late,High,1,0,0
254,3,10000,10000,39,late,High,1,0,0
255,1,10000,10000,0,paid,Medium,0,0,0
255,2,10000,10000,0,paid,Medium,0,0,0
255,3,10000,10000,0,paid,Medium,0,0,0
256,1,10000,10000,0,paid,Low,1,1,0
256,2,10000,10000,0,paid,Low,1,1,0
256,3,10000,10000,0,paid,Low,1,1,0
257,1,10000,10000,23,late,Medium,1,0,0
257,2,10000,10000,38,late,Medium,1,0,0
257,3,10000,10000,21,late,Medium,1,0,0
258,1,10000,10000,0,paid,Medium,1,1,0
258,2,10000,10000,0,paid,Medium,1,1,0
258,3,10000,10000,0,paid,Medium,1,1,0
259,1,10000,10000,0,paid,High,1,0,0
259,2,10000,10000,0,paid,High,1,0,0
259,3,10000,10000,0,paid,High,1,0,0
260,1,10000,0,72,default,Medium,0,0,1
260,2,10000,10000,0,paid,Medium,0,0,1
260,3,10000,0,74,default,Medium,0,0,1
261,1,10000,10000,0,paid,Medium,0,0,0
261,2,10000,10000,0,paid,Medium,0,0,0
261,3,10000,10000,0,paid,Medium,0,0,0
262,1,10000,0,87,default,Medium,0,0,1
262,2,10000,10000,0,paid,Medium,0,0,1
262,3,10000,0,75,default,Medium,0,0,1
263,1,10000,10000,0,paid,Low,0,1,0
263,2,10000,10000,0,paid,Low,0,1,0
263,3,10000,10000,0,paid,Low,0,1,0
264,1,10000,10000,0,paid,Medium,1,1,0
264,2,10000,10000,0,paid,Medium,1,1,0
264,3,10000,10000,0,paid,Medium,1,1,0
265,1,10000,10000,0,paid,High,0,1,0
265,2,10000,10000,0,paid,High,0,1,0
265,3,10000,10000,0,paid,High,0,1,0
266,1,10000,10000,0,paid,Medium,0,0,0
266,2,10000,10000,0,paid,Medium,0,0,0
266,3,10000,10000,0,paid,Medium,0,0,0
267,1,10000,10000,0,paid,High,1,0,0
267,2,10000,10000,0,paid,High,1,0,0
267,3,10000,10000,0,paid,High,1,0,0
268,1,10000,10000,12,late,High,0,0,0
268,2,10000,10000,29,late,High,0,0,0
268,3,10000,10000,24,late,High,0,0,0
269,1,10000,10000,0,paid,Medium,1,0,0
269,2,10000,10000,0,paid,Medium,1,0,0
269,3,10000,10000,0,paid,Medium,1,0,0
270,1,10000,10000,0,paid,Medium,1,0,0
270,2,10000,10000,0,paid,Medium,1,0,0
270,3,10000,10000,0,paid,Medium,1,0,0
271,1,10000,10000,0,paid,Medium,1,1,0
271,2,10000,10000,0,paid,Medium,1,1,0
271,3,10000,10000,0,paid,Medium,1,1,0
272,1,10000,10000,0,paid,Medium,1,0,0
272,2,10000,10000,0,paid,Medium,1,0,0
272,3,10000,10000,0,paid,Medium,1,0,0
273,1,10000,10000,0,paid,Medium,0,0,0
273,2,10000,10000,0,paid,Medium,0,0,0
273,3,10000,10000,0,paid,Medium,0,0,0
274,1,10000,10000,0,paid,Low,0,0,0
274,2,10000,10000,0,paid,Low,0,0,0
274,3,10000,10000,0,paid,Low,0,0,0
275,1,10000,10000,0,paid,High,1,3,0
275,2,10000,10000,0,paid,High,1,3,0
275,3,10000,10000,0,paid,High,1,3,0
276,1,10000,10000,0,paid,Medium,0,1,0
276,2,10000,10000,0,paid,Medium,0,1,0
276,3,10000,10000,0,paid,Medium,0,1,0
277,1,10000,10000,0,paid,High,1,1,0
277,2,10000,10000,0,paid,High,1,1,0
277,3,10000,10000,0,paid,High,1,1,0
278,1,10000,10000,0,paid,Medium,1,0,0
278,2,10000,10000,0,paid,Medium,1,0,0
278,3,10000,10000,0,paid,Medium,1,0,0
279,1,10000,10000,43,late,High,0,1,0
279,2,10000,10000,20,late,High,0,1,0
279,3,10000,10000,12,late,High,0,1,0
280,1,10000,10000,0,paid,Low,0,1,0
280,2,10000,10000,0,paid,Low,0,1,0
280,3,10000,10000,0,paid,Low,0,1,0
281,1,10000,10000,0,paid,High,0,2,0
281,2,10000,10000,0,paid,High,0,2,0
281,3,10000,10000,0,paid,High,0,2,0
282,1,10000,10000,0,paid,Medium,0,0,0
282,2,10000,10000,0,paid,Medium,0,0,0
282,3,10000,10000,0,paid,Medium,0,0,0
283,1,10000,10000,0,paid,Medium,0,1,0
283,2,10000,10000,0,paid,Medium,0,1,0
283,3,10000,10000,0,paid,Medium,0,1,0
284,1,10000,10000,0,paid,High,1,0,0
284,2,10000,10000,0,paid,High,1,0,0
284,3,10000,10000,0,paid,High,1,0,0
285,1,10000,10000,0,paid,Medium,0,0,0
285,2,10000,10000,0,paid,Medium,0,0,0
285,3,10000,10000,0,paid,Medium,0,0,0
286,1,10000,10000,41,late,Medium,0,1,0
286,2,10000,10000,27,late,Medium,0,1,0
286,3,10000,10000,15,late,Medium,0,1,0
287,1,10000,10000,0,paid,Medium,1,3,1
287,2,10000,0,94,default,Medium,1,3,1
287,3,10000,0,88,default,Medium,1,3,1
288,1,10000,10000,0,paid,Medium,1,2,0
288,2,10000,10000,0,paid,Medium,1,2,0
288,3,10000,10000,0,paid,Medium,1,2,0
289,1,10000,10000,0,paid,Low,0,2,0
289,2,10000,10000,0,paid,Low,0,2,0
289,3,10000,10000,0,paid,Low,0,2,0
290,1,10000,10000,0,paid,Medium,0,1,0
290,2,10000,10000,0,paid,Medium,0,1,0
290,3,10000,10000,0,paid,Medium,0,1,0
291,1,10000,10000,0,paid,Medium,0,0,0
291,2,10000,10000,0,paid,Medium,0,0,0
291,3,10000,10000,0,paid,Medium,0,0,0
292,1,10000,10000,0,paid,Medium,0,1,0
292,2,10000,10000,0,paid,Medium,0,1,0
292,3,10000,10000,0,paid,Medium,0,1,0
293,1,10000,10000,0,paid,Low,1,0,0
293,2,10000,10000,0,paid,Low,1,0,0
293,3,10000,10000,0,paid,Low,1,0,0
294,1,10000,10000,0,paid,Medium,0,0,0
294,2,10000,10000,0,paid,Medium,0,0,0
294,3,10000,10000,0,paid,Medium,0,0,0
295,1,10000,10000,0,paid,Medium,0,1,0
295,2,10000,10000,0,paid,Medium,0,1,0
295,3,10000,10000,0,paid,Medium,0,1,0
296,1,10000,10000,0,paid,Medium,0,0,0
296,2,10000,10000,0,paid,Medium,0,0,0
296,3,10000,10000,0,paid,Medium,0,0,0
297,1,10000,10000,0,paid,High,0,1,0
297,2,10000,10000,0,paid,High,0,1,0
297,3,10000,10000,0,paid,High,0,1,0
298,1,10000,10000,0,paid,Medium,1,1,0
298,2,10000,10000,0,paid,Medium,1,1,0
298,3,10000,10000,0,paid,Medium,1,1,0
299,1,10000,10000,0,paid,Medium,0,0,0
299,2,10000,10000,0,paid,Medium,0,0,0
299,3,10000,10000,0,paid,Medium,0,0,0
300,1,10000,10000,0,paid,Medium,1,0,0
300,2,10000,10000,0,paid,Medium,1,0,0
300,3,10000,10000,0,paid,Medium,1,0,0
301,1,10000,10000,0,paid,Low,0,0,0
301,2,10000,10000,0,paid,Low,0,0,0
301,3,10000,10000,0,paid,Low,0,0,0
302,1,10000,10000,0,paid,Medium,1,0,0
302,2,10000,10000,0,paid,Medium,1,0,0
302,3,10000,10000,0,paid,Medium,1,0,0
303,1,10000,10000,0,paid,Low,1,0,0
303,2,10000,10000,0,paid,Low,1,0,0
303,3,10000,10000,0,paid,Low,1,0,0
304,1,10000,10000,0,paid,Medium,1,1,0
304,2,10000,10000,0,paid,Medium,1,1,0
304,3,10000,10000,0,paid,Medium,1,1,0
305,1,10000,10000,0,paid,Medium,0,2,0
305,2,10000,10000,0,paid,Medium,0,2,0
305,3,10000,10000,0,paid,Medium,0,2,0
306,1,10000,10000,0,paid,Medium,1,3,0
306,2,10000,10000,0,paid,Medium,1,3,0
306,3,10000,10000,0,paid,Medium,1,3,0
307,1,10000,10000,0,paid,High,1,1,0
307,2,10000,10000,0,paid,High,1,1,0
307,3,10000,10000,0,paid,High,1,1,0
308,1,10000,10000,0,paid,High,1,0,0
308,2,10000,10000,0,paid,High,1,0,0
308,3,10000,10000,0,paid,High,1,0,0
309,1,10000,10000,0,paid,Medium,1,0,0
309,2,10000,10000,0,paid,Medium,1,0,0
309,3,10000,10000,0,paid,Medium,1,0,0
310,1,10000,10000,0,paid,High,1,3,0
310,2,10000,10000,0,paid,High,1,3,0
310,3,10000,10000,0,paid,High,1,3,0
311,1,10000,10000,0,paid,High,0,0,0
311,2,10000,10000,0,paid,High,0,0,0
311,3,10000,10000,0,paid,High,0,0,0
312,1,10000,10000,17,late,High,1,0,0
312,2,10000,10000,30,late,High,1,0,0
312,3,10000,10000,10,late,High,1,0,0
313,1,10000,0,60,default,Medium,1,0,1
313,2,10000,10000,0,paid,Medium,1,0,1
313,3,10000,0,85,default,Medium,1,0,1
314,1,10000,10000,21,late,Medium,1,0,0
314,2,10000,10000,36,late,Medium,1,0,0
314,3,10000,10000,17,late,Medium,1,0,0
315,1,10000,10000,23,late,Medium,0,1,0
315,2,10000,10000,14,late,Medium,0,1,0
315,3,10000,10000,35,late,Medium,0,1,0
316,1,10000,10000,0,paid,Medium,1,1,0
316,2,10000,10000,0,paid,Medium,1,1,0
316,3,10000,10000,0,paid,Medium,1,1,0
317,1,10000,10000,0,paid,Low,0,1,0
317,2,10000,10000,0,paid,Low,0,1,0
317,3,10000,10000,0,paid,Low,0,1,0
318,1,10000,10000,0,paid,High,1,1,0
318,2,10000,10000,0,paid,High,1,1,0
318,3,10000,10000,0,paid,High,1,1,0
319,1,10000,10000,32,late,Low,0,2,0
319,2,10000,10000,28,late,Low,0,2,0
319,3,10000,10000,20,late,Low,0,2,0
320,1,10000,10000,0,paid,Medium,1,1,0
320,2,10000,10000,0,paid,Medium,1,1,0
320,3,10000,10000,0,paid,Medium,1,1,0
321,1,10000,10000,0,paid,Medium,0,1,0
321,2,10000,10000,0,paid,Medium,0,1,0
321,3,10000,10000,0,paid,Medium,0,1,0
322,1,10000,10000,0,paid,Medium,0,1,0
322,2,10000,10000,0,paid,Medium,0,1,0
322,3,10000,10000,0,paid,Medium,0,1,0
323,1,10000,10000,0,paid,High,0,0,0
323,2,10000,10000,0,paid,High,0,0,0
323,3,10000,10000,0,paid,High,0,0,0
324,1,10000,10000,0,paid,Medium,0,1,1
324,2,10000,10000,0,paid,Medium,0,1,1
324,3,10000,0,88,default,Medium,0,1,1
325,1,10000,10000,0,paid,Medium,1,0,0
325,2,10000,10000,0,paid,Medium,1,0,0
325,3,10000,10000,0,paid,Medium,1,0,0
326,1,10000,10000,30,late,Medium,0,1,0
326,2,10000,10000,32,late,Medium,0,1,0
326,3,10000,10000,25,late,Medium,0,1,0
327,1,10000,10000,24,late,Medium,0,0,0
327,2,10000,10000,13,late,Medium,0,0,0
327,3,10000,10000,30,late,Medium,0,0,0
328,1,10000,10000,0,paid,Medium,1,0,0
328,2,10000,10000,0,paid,Medium,1,0,0
328,3,10000,10000,0,paid,Medium,1,0,0
329,1,10000,10000,0,paid,Medium,0,2,0
329,2,10000,10000,0,paid,Medium,0,2,0
329,3,10000,10000,0,paid,Medium,0,2,0
330,1,10000,10000,0,paid,Medium,1,1,0
330,2,10000,10000,0,paid,Medium,1,1,0
330,3,10000,10000,0,paid,Medium,1,1,0
331,1,10000,10000,0,paid,Low,0,1,0
331,2,10000,10000,0,paid,Low,0,1,0
331,3,10000,10000,0,paid,Low,0,1,0
332,1,10000,10000,0,paid,Low,0,0,0
332,2,10000,10000,0,paid,Low,0,0,0
332,3,10000,10000,0,paid,Low,0,0,0
333,1,10000,10000,0,paid,Medium,1,2,0
333,2,10000,10000,0,paid,Medium,1,2,0
333,3,10000,10000,0,paid,Medium,1,2,0
334,1,10000,10000,0,paid,High,0,0,0
334,2,10000,10000,0,paid,High,0,0,0
334,3,10000,10000,0,paid,High,0,0,0
335,1,10000,10000,0,paid,High,1,1,0
335,2,10000,10000,0,paid,High,1,1,0
335,3,10000,10000,0,paid,High,1,1,0
336,1,10000,10000,0,paid,Medium,0,1,0
336,2,10000,10000,0,paid,Medium,0,1,0
336,3,10000,10000,0,paid,Medium,0,1,0
337,1,10000,10000,0,paid,Medium,0,1,0
337,2,10000,10000,0,paid,Medium,0,1,0
337,3,10000,10000,0,paid,Medium,0,1,0
338,1,10000,10000,19,late,High,1,1,0
338,2,10000,10000,34,late,High,1,1,0
338,3,10000,10000,27,late,High,1,1,0
339,1,10000,10000,0,paid,Medium,1,0,0
339,2,10000,10000,0,paid,Medium,1,0,0
339,3,10000,10000,0,paid,Medium,1,0,0
340,1,10000,10000,0,paid,High,0,0,0
340,2,10000,10000,0,paid,High,0,0,0
340,3,10000,10000,0,paid,High,0,0,0
341,1,10000,10000,0,paid,High,1,0,0
341,2,10000,10000,0,paid,High,1,0,0
341,3,10000,10000,0,paid,High,1,0,0
342,1,10000,10000,0,paid,Medium,1,1,0
342,2,10000,10000,0,paid,Medium,1,1,0
342,3,10000,10000,0,paid,Medium,1,1,0
343,1,10000,10000,0,paid,High,1,1,0
343,2,10000,10000,0,paid,High,1,1,0
343,3,10000,10000,0,paid,High,1,1,0
344,1,10000,10000,0,paid,Medium,0,1,0
344,2,10000,10000,0,paid,Medium,0,1,0
344,3,10000,10000,0,paid,Medium,0,1,0
345,1,10000,10000,0,paid,Medium,0,1,0
345,2,10000,10000,0,paid,Medium,0,1,0
345,3,10000,10000,0,paid,Medium,0,1,0
346,1,10000,10000,0,paid,Low,0,0,0
346,2,10000,10000,0,paid,Low,0,0,0
346,3,10000,10000,0,paid,Low,0,0,0
347,1,10000,10000,0,paid,Medium,0,0,0
347,2,10000,10000,0,paid,Medium,0,0,0
347,3,10000,10000,0,paid,Medium,0,0,0
348,1,10000,10000,0,paid,Medium,0,2,0
348,2,10000,10000,0,paid,Medium,0,2,0
348,3,10000,10000,0,paid,Medium,0,2,0
349,1,10000,10000,0,paid,High,0,0,0
349,2,10000,10000,0,paid,High,0,0,0
349,3,10000,10000,0,paid,High,0,0,0
350,1,10000,10000,0,paid,Medium,1,0,0
350,2,10000,10000,0,paid,Medium,1,0,0
350,3,10000,10000,0,paid,Medium,1,0,0
351,1,10000,0,67,default,High,1,0,1
351,2,10000,10000,0,paid,High,1,0,1
351,3,10000,0,95,default,High,1,0,1
352,1,10000,10000,0,paid,Low,0,1,0
352,2,10000,10000,0,paid,Low,0,1,0
352,3,10000,10000,0,paid,Low,0,1,0
353,1,10000,10000,0,paid,Medium,0,2,0
353,2,10000,10000,0,paid,Medium,0,2,0
353,3,10000,10000,0,paid,Medium,0,2,0
354,1,10000,10000,0,paid,Medium,0,0,0
354,2,10000,10000,0,paid,Medium,0,0,0
354,3,10000,10000,0,paid,Medium,0,0,0
355,1,10000,10000,0,paid,High,0,0,0
355,2,10000,10000,0,paid,High,0,0,0
355,3,10000,10000,0,paid,High,0,0,0
356,1,10000,10000,0,paid,Medium,1,1,0
356,2,10000,10000,0,paid,Medium,1,1,0
356,3,10000,10000,0,paid,Medium,1,1,0
357,1,10000,10000,0,paid,High,0,2,0
357,2,10000,10000,0,paid,High,0,2,0
357,3,10000,10000,0,paid,High,0,2,0
358,1,10000,10000,0,paid,Medium,1,0,0
358,2,10000,10000,0,paid,Medium,1,0,0
358,3,10000,10000,0,paid,Medium,1,0,0
359,1,10000,10000,0,paid,High,1,0,0
359,2,10000,10000,0,paid,High,1,0,0
359,3,10000,10000,0,paid,High,1,0,0
360,1,10000,10000,0,paid,High,0,2,0
360,2,10000,10000,0,paid,High,0,2,0
360,3,10000,10000,0,paid,High,0,2,0
361,1,10000,10000,0,paid,Low,0,0,0
361,2,10000,10000,0,paid,Low,0,0,0
361,3,10000,10000,0,paid,Low,0,0,0
362,1,10000,10000,0,paid,Medium,0,0,0
362,2,10000,10000,0,paid,Medium,0,0,0
362,3,10000,10000,0,paid,Medium,0,0,0
363,1,10000,10000,0,paid,Medium,0,1,0
363,2,10000,10000,0,paid,Medium,0,1,0
363,3,10000,10000,0,paid,Medium,0,1,0
364,1,10000,10000,0,paid,Medium,0,0,0
364,2,10000,10000,0,paid,Medium,0,0,0
364,3,10000,10000,0,paid,Medium,0,0,0
365,1,10000,10000,0,paid,Low,1,0,0
365,2,10000,10000,0,paid,Low,1,0,0
365,3,10000,10000,0,paid,Low,1,0,0
366,1,10000,10000,11,late,High,0,1,0
366,2,10000,10000,34,late,High,0,1,0
366,3,10000,10000,42,late,High,0,1,0
367,1,10000,10000,0,paid,Low,0,1,0
367,2,10000,10000,0,paid,Low,0,1,0
367,3,10000,10000,0,paid,Low,0,1,0
368,1,10000,10000,0,paid,High,0,0,0
368,2,10000,10000,0,paid,High,0,0,0
368,3,10000,10000,0,paid,High,0,0,0
369,1,10000,10000,0,paid,Medium,1,0,0
369,2,10000,10000,0,paid,Medium,1,0,0
369,3,10000,10000,0,paid,Medium,1,0,0
370,1,10000,10000,0,paid,Low,0,3,0
370,2,10000,10000,0,paid,Low,0,3,0
370,3,10000,10000,0,paid,Low,0,3,0
371,1,10000,10000,0,paid,Medium,0,0,0
371,2,10000,10000,0,paid,Medium,0,0,0
371,3,10000,10000,0,paid,Medium,0,0,0
372,1,10000,10000,0,paid,Medium,1,1,0
372,2,10000,10000,0,paid,Medium,1,1,0
372,3,10000,10000,0,paid,Medium,1,1,0
373,1,10000,10000,0,paid,High,1,1,0
373,2,10000,10000,0,paid,High,1,1,0
373,3,10000,10000,0,paid,High,1,1,0
374,1,10000,10000,0,paid,High,0,0,0
374,2,10000,10000,0,paid,High,0,0,0
374,3,10000,10000,0,paid,High,0,0,0
375,1,10000,10000,0,paid,Low,1,0,0
375,2,10000,10000,0,paid,Low,1,0,0
375,3,10000,10000,0,paid,Low,1,0,0
376,1,10000,10000,0,paid,Medium,1,1,0
376,2,10000,10000,0,paid,Medium,1,1,0
376,3,10000,10000,0,paid,Medium,1,1,0
377,1,10000,10000,0,paid,Medium,0,2,0
377,2,10000,10000,0,paid,Medium,0,2,0
377,3,10000,10000,0,paid,Medium,0,2,0
378,1,10000,10000,0,paid,Medium,0,1,0
378,2,10000,10000,0,paid,Medium,0,1,0
378,3,10000,10000,0,paid,Medium,0,1,0
379,1,10000,10000,0,paid,High,0,0,0
379,2,10000,10000,0,paid,High,0,0,0
379,3,10000,10000,0,paid,High,0,0,0
380,1,10000,10000,0,paid,Medium,0,2,0
380,2,10000,10000,0,paid,Medium,0,2,0
380,3,10000,10000,0,paid,Medium,0,2,0
381,1,10000,10000,0,paid,Medium,1,0,0
381,2,10000,10000,0,paid,Medium,1,0,0
381,3,10000,10000,0,paid,Medium,1,0,0
382,1,10000,10000,0,paid,High,1,1,0
382,2,10000,10000,0,paid,High,1,1,0
382,3,10000,10000,0,paid,High,1,1,0
383,1,10000,10000,0,paid,Medium,1,0,0
383,2,10000,10000,0,paid,Medium,1,0,0
383,3,10000,10000,0,paid,Medium,1,0,0
384,1,10000,10000,0,paid,Low,0,3,0
384,2,10000,10000,0,paid,Low,0,3,0
384,3,10000,10000,0,paid,Low,0,3,0
385,1,10000,10000,35,late,High,0,0,0
385,2,10000,10000,13,late,High,0,0,0
385,3,10000,10000,43,late,High,0,0,0
386,1,10000,10000,0,paid,Medium,0,0,0
386,2,10000,10000,0,paid,Medium,0,0,0
386,3,10000,10000,0,paid,Medium,0,0,0
387,1,10000,10000,26,late,Medium,0,1,0
387,2,10000,10000,18,late,Medium,0,1,0
387,3,10000,10000,10,late,Medium,0,1,0
388,1,10000,10000,30,late,Low,1,0,0
388,2,10000,10000,37,late,Low,1,0,0
388,3,10000,10000,20,late,Low,1,0,0
389,1,10000,10000,0,paid,Medium,1,0,0
389,2,10000,10000,0,paid,Medium,1,0,0
389,3,10000,10000,0,paid,Medium,1,0,0
390,1,10000,10000,0,paid,Low,0,2,0
390,2,10000,10000,0,paid,Low,0,2,0
390,3,10000,10000,0,paid,Low,0,2,0
391,1,10000,10000,0,paid,Low,0,0,0
391,2,10000,10000,0,paid,Low,0,0,0
391,3,10000,10000,0,paid,Low,0,0,0
392,1,10000,10000,0,paid,Medium,0,2,0
392,2,10000,10000,0,paid,Medium,0,2,0
392,3,10000,10000,0,paid,Medium,0,2,0
393,1,10000,10000,0,paid,High,0,0,0
393,2,10000,10000,0,paid,High,0,0,0
393,3,10000,10000,0,paid,High,0,0,0
394,1,10000,10000,0,paid,Low,0,2,0
394,2,10000,10000,0,paid,Low,0,2,0
394,3,10000,10000,0,paid,Low,0,2,0
395,1,10000,10000,17,late,Medium,0,1,0
395,2,10000,10000,19,late,Medium,0,1,0
395,3,10000,10000,41,late,Medium,0,1,0
396,1,10000,10000,0,paid,Medium,0,1,0
396,2,10000,10000,0,paid,Medium,0,1,0
396,3,10000,10000,0,paid,Medium,0,1,0
397,1,10000,10000,0,paid,Low,0,0,0
397,2,10000,10000,0,paid,Low,0,0,0
397,3,10000,10000,0,paid,Low,0,0,0
398,1,10000,10000,0,paid,High,1,3,0
398,2,10000,10000,0,paid,High,1,3,0
398,3,10000,10000,0,paid,High,1,3,0
399,1,10000,10000,0,paid,Low,1,0,0
399,2,10000,10000,0,paid,Low,1,0,0
399,3,10000,10000,0,paid,Low,1,0,0
400,1,10000,10000,0,paid,High,0,2,0
400,2,10000,10000,0,paid,High,0,2,0
400,3,10000,10000,0,paid,High,0,2,0
401,1,10000,10000,0,paid,Medium,1,0,0
401,2,10000,10000,0,paid,Medium,1,0,0
401,3,10000,10000,0,paid,Medium,1,0,0
402,1,10000,10000,0,paid,Medium,1,0,0
402,2,10000,10000,0,paid,Medium,1,0,0
402,3,10000,10000,0,paid,Medium,1,0,0
403,1,10000,10000,41,late,Medium,1,0,0
403,2,10000,10000,30,late,Medium,1,0,0
403,3,10000,10000,44,late,Medium,1,0,0
404,1,10000,10000,0,paid,Medium,1,2,0
404,2,10000,10000,0,paid,Medium,1,2,0
404,3,10000,10000,0,paid,Medium,1,2,0
405,1,10000,10000,0,paid,Medium,0,0,1
405,2,10000,10000,0,paid,Medium,0,0,1
405,3,10000,0,82,default,Medium,0,0,1
406,1,10000,10000,0,paid,Medium,1,1,1
406,2,10000,0,77,default,Medium,1,1,1
406,3,10000,0,61,default,Medium,1,1,1
407,1,10000,10000,0,paid,High,0,2,0
407,2,10000,10000,0,paid,High,0,2,0
407,3,10000,10000,0,paid,High,0,2,0
408,1,10000,10000,0,paid,Medium,0,1,0
408,2,10000,10000,0,paid,Medium,0,1,0
408,3,10000,10000,0,paid,Medium,0,1,0
409,1,10000,10000,0,paid,Medium,0,0,0
409,2,10000,10000,0,paid,Medium,0,0,0
409,3,10000,10000,0,paid,Medium,0,0,0
410,1,10000,10000,0,paid,Medium,0,1,0
410,2,10000,10000,0,paid,Medium,0,1,0
410,3,10000,10000,0,paid,Medium,0,1,0
411,1,10000,10000,0,paid,High,0,0,0
411,2,10000,10000,0,paid,High,0,0,0
411,3,10000,10000,0,paid,High,0,0,0
412,1,10000,10000,0,paid,Medium,0,0,0
412,2,10000,10000,0,paid,Medium,0,0,0
412,3,10000,10000,0,paid,Medium,0,0,0
413,1,10000,10000,0,paid,Low,1,1,0
413,2,10000,10000,0,paid,Low,1,1,0
413,3,10000,10000,0,paid,Low,1,1,0
414,1,10000,10000,0,paid,Medium,1,0,0
414,2,10000,10000,0,paid,Medium,1,0,0
414,3,10000,10000,0,paid,Medium,1,0,0
415,1,10000,10000,0,paid,Medium,1,1,0
415,2,10000,10000,0,paid,Medium,1,1,0
415,3,10000,10000,0,paid,Medium,1,1,0
416,1,10000,10000,0,paid,Medium,1,3,0
416,2,10000,10000,0,paid,Medium,1,3,0
416,3,10000,10000,0,paid,Medium,1,3,0
417,1,10000,10000,13,late,Medium,1,0,0
417,2,10000,10000,13,late,Medium,1,0,0
417,3,10000,10000,29,late,Medium,1,0,0
418,1,10000,10000,0,paid,Medium,1,0,0
418,2,10000,10000,0,paid,Medium,1,0,0
418,3,10000,10000,0,paid,Medium,1,0,0
419,1,10000,10000,0,paid,High,1,0,0
419,2,10000,10000,0,paid,High,1,0,0
419,3,10000,10000,0,paid,High,1,0,0
420,1,10000,10000,38,late,High,1,0,0
420,2,10000,10000,23,late,High,1,0,0
420,3,10000,10000,12,late,High,1,0,0
421,1,10000,10000,0,paid,High,0,1,0
421,2,10000,10000,0,paid,High,0,1,0
421,3,10000,10000,0,paid,High,0,1,0
422,1,10000,10000,0,paid,Medium,0,2,0
422,2,10000,10000,0,paid,Medium,0,2,0
422,3,10000,10000,0,paid,Medium,0,2,0
423,1,10000,10000,0,paid,Low,0,0,0
423,2,10000,10000,0,paid,Low,0,0,0
423,3,10000,10000,0,paid,Low,0,0,0
424,1,10000,10000,0,paid,Medium,0,1,0
424,2,10000,10000,0,paid,Medium,0,1,0
424,3,10000,10000,0,paid,Medium,0,1,0
425,1,10000,10000,0,paid,Medium,0,0,0
425,2,10000,10000,0,paid,Medium,0,0,0
425,3,10000,10000,0,paid,Medium,0,0,0
426,1,10000,10000,0,paid,Medium,1,0,0
426,2,10000,10000,0,paid,Medium,1,0,0
426,3,10000,10000,0,paid,Medium,1,0,0
427,1,10000,10000,0,paid,Medium,0,2,0
427,2,10000,10000,0,paid,Medium,0,2,0
427,3,10000,10000,0,paid,Medium,0,2,0
428,1,10000,10000,0,paid,Medium,0,1,0
428,2,10000,10000,0,paid,Medium,0,1,0
428,3,10000,10000,0,paid,Medium,0,1,0
429,1,10000,10000,0,paid,Medium,0,0,0
429,2,10000,10000,0,paid,Medium,0,0,0
429,3,10000,10000,0,paid,Medium,0,0,0
430,1,10000,10000,0,paid,Medium,1,0,0
430,2,10000,10000,0,paid,Medium,1,0,0
430,3,10000,10000,0,paid,Medium,1,0,0
431,1,10000,10000,0,paid,High,1,2,0
431,2,10000,10000,0,paid,High,1,2,0
431,3,10000,10000,0,paid,High,1,2,0
432,1,10000,10000,0,paid,Medium,1,2,0
432,2,10000,10000,0,paid,Medium,1,2,0
432,3,10000,10000,0,paid,Medium,1,2,0
433,1,10000,10000,0,paid,Medium,0,2,0
433,2,10000,10000,0,paid,Medium,0,2,0
433,3,10000,10000,0,paid,Medium,0,2,0
434,1,10000,10000,0,paid,Low,0,0,0
434,2,10000,10000,0,paid,Low,0,0,0
434,3,10000,10000,0,paid,Low,0,0,0
435,1,10000,10000,0,paid,High,0,0,0
435,2,10000,10000,0,paid,High,0,0,0
435,3,10000,10000,0,paid,High,0,0,0
436,1,10000,10000,0,paid,Medium,0,0,0
436,2,10000,10000,0,paid,Medium,0,0,0
436,3,10000,10000,0,paid,Medium,0,0,0
437,1,10000,0,89,default,High,0,1,1
437,2,10000,0,66,default,High,0,1,1
437,3,10000,0,94,default,High,0,1,1
438,1,10000,10000,0,paid,High,0,3,0
438,2,10000,10000,0,paid,High,0,3,0
438,3,10000,10000,0,paid,High,0,3,0
439,1,10000,10000,0,paid,Medium,0,0,0
439,2,10000,10000,0,paid,Medium,0,0,0
439,3,10000,10000,0,paid,Medium,0,0,0
440,1,10000,10000,0,paid,Low,1,1,0
440,2,10000,10000,0,paid,Low,1,1,0
440,3,10000,10000,0,paid,Low,1,1,0
441,1,10000,10000,0,paid,Medium,1,1,0
441,2,10000,10000,0,paid,Medium,1,1,0
441,3,10000,10000,0,paid,Medium,1,1,0
442,1,10000,10000,0,paid,High,0,1,0
442,2,10000,10000,0,paid,High,0,1,0
442,3,10000,10000,0,paid,High,0,1,0
443,1,10000,10000,0,paid,Low,1,2,0
443,2,10000,10000,0,paid,Low,1,2,0
443,3,10000,10000,0,paid,Low,1,2,0
444,1,10000,10000,0,paid,Medium,0,3,0
444,2,10000,10000,0,paid,Medium,0,3,0
444,3,10000,10000,0,paid,Medium,0,3,0
445,1,10000,10000,0,paid,Medium,1,0,0
445,2,10000,10000,0,paid,Medium,1,0,0
445,3,10000,10000,0,paid,Medium,1,0,0
446,1,10000,10000,0,paid,Low,0,0,0
446,2,10000,10000,0,paid,Low,0,0,0
446,3,10000,10000,0,paid,Low,0,0,0
447,1,10000,10000,0,paid,Medium,0,0,0
447,2,10000,10000,0,paid,Medium,0,0,0
447,3,10000,10000,0,paid,Medium,0,0,0
448,1,10000,10000,0,paid,Medium,0,0,0
448,2,10000,10000,0,paid,Medium,0,0,0
448,3,10000,10000,0,paid,Medium,0,0,0
449,1,10000,10000,0,paid,Medium,0,1,0
449,2,10000,10000,0,paid,Medium,0,1,0
449,3,10000,10000,0,paid,Medium,0,1,0
450,1,10000,10000,0,paid,High,0,0,0
450,2,10000,10000,0,paid,High,0,0,0
450,3,10000,10000,0,paid,High,0,0,0
451,1,10000,10000,31,late,Medium,1,0,0
451,2,10000,10000,21,late,Medium,1,0,0
451,3,10000,10000,33,late,Medium,1,0,0
452,1,10000,10000,0,paid,Medium,1,0,1
452,2,10000,0,91,default,Medium,1,0,1
452,3,10000,0,66,default,Medium,1,0,1
453,1,10000,10000,0,paid,Low,0,1,0
453,2,10000,10000,0,paid,Low,0,1,0
453,3,10000,10000,0,paid,Low,0,1,0
454,1,10000,10000,0,paid,High,1,1,0
454,2,10000,10000,0,paid,High,1,1,0
454,3,10000,10000,0,paid,High,1,1,0
455,1,10000,10000,0,paid,High,0,1,0
455,2,10000,10000,0,paid,High,0,1,0
455,3,10000,10000,0,paid,High,0,1,0
456,1,10000,10000,0,paid,Medium,0,0,0
456,2,10000,10000,0,paid,Medium,0,0,0
456,3,10000,10000,0,paid,Medium,0,0,0
457,1,10000,10000,0,paid,High,1,1,0
457,2,10000,10000,0,paid,High,1,1,0
457,3,10000,10000,0,paid,High,1,1,0
458,1,10000,10000,0,paid,Medium,1,0,0
458,2,10000,10000,0,paid,Medium,1,0,0
458,3,10000,10000,0,paid,Medium,1,0,0
459,1,10000,10000,0,paid,High,1,0,0
459,2,10000,10000,0,paid,High,1,0,0
459,3,10000,10000,0,paid,High,1,0,0
460,1,10000,10000,0,paid,Medium,1,0,0
460,2,10000,10000,0,paid,Medium,1,0,0
460,3,10000,10000,0,paid,Medium,1,0,0
461,1,10000,10000,0,paid,High,0,1,0
461,2,10000,10000,0,paid,High,0,1,0
461,3,10000,10000,0,paid,High,0,1,0
462,1,10000,10000,0,paid,Medium,1,1,0
462,2,10000,10000,0,paid,Medium,1,1,0
462,3,10000,10000,0,paid,Medium,1,1,0
463,1,10000,10000,0,paid,Low,1,1,0
463,2,10000,10000,0,paid,Low,1,1,0
463,3,10000,10000,0,paid,Low,1,1,0
464,1,10000,10000,13,late,High,1,1,0
464,2,10000,10000,39,late,High,1,1,0
464,3,10000,10000,15,late,High,1,1,0
465,1,10000,10000,0,paid,Low,0,0,0
465,2,10000,10000,0,paid,Low,0,0,0
465,3,10000,10000,0,paid,Low,0,0,0
466,1,10000,10000,0,paid,Medium,0,0,0
466,2,10000,10000,0,paid,Medium,0,0,0
466,3,10000,10000,0,paid,Medium,0,0,0
467,1,10000,10000,0,paid,Medium,1,3,1
467,2,10000,0,64,default,Medium,1,3,1
467,3,10000,0,84,default,Medium,1,3,1
468,1,10000,10000,0,paid,High,1,2,0
468,2,10000,10000,0,paid,High,1,2,0
468,3,10000,10000,0,paid,High,1,2,0
469,1,10000,10000,0,paid,Medium,0,0,0
469,2,10000,10000,0,paid,Medium,0,0,0
469,3,10000,10000,0,paid,Medium,0,0,0
470,1,10000,10000,0,paid,Low,1,1,1
470,2,10000,10000,0,paid,Low,1,1,1
470,3,10000,0,68,default,Low,1,1,1
471,1,10000,10000,0,paid,Medium,0,2,0
471,2,10000,10000,0,paid,Medium,0,2,0
471,3,10000,10000,0,paid,Medium,0,2,0
472,1,10000,10000,0,paid,High,0,2,0
472,2,10000,10000,0,paid,High,0,2,0
472,3,10000,10000,0,paid,High,0,2,0
473,1,10000,10000,0,paid,High,1,0,0
473,2,10000,10000,0,paid,High,1,0,0
473,3,10000,10000,0,paid,High,1,0,0
474,1,10000,10000,0,paid,Medium,0,1,0
474,2,10000,10000,0,paid,Medium,0,1,0
474,3,10000,10000,0,paid,Medium,0,1,0
475,1,10000,10000,0,paid,Low,0,3,0
475,2,10000,10000,0,paid,Low,0,3,0
475,3,10000,10000,0,paid,Low,0,3,0
476,1,10000,10000,0,paid,High,0,0,0
476,2,10000,10000,0,paid,High,0,0,0
476,3,10000,10000,0,paid,High,0,0,0
477,1,10000,10000,0,paid,High,1,2,0
477,2,10000,10000,0,paid,High,1,2,0
477,3,10000,10000,0,paid,High,1,2,0
478,1,10000,10000,0,paid,Low,1,1,0
478,2,10000,10000,0,paid,Low,1,1,0
478,3,10000,10000,0,paid,Low,1,1,0
479,1,10000,10000,0,paid,Medium,1,0,0
479,2,10000,10000,0,paid,Medium,1,0,0
479,3,10000,10000,0,paid,Medium,1,0,0
480,1,10000,10000,18,late,Medium,0,2,0
480,2,10000,10000,44,late,Medium,0,2,0
480,3,10000,10000,22,late,Medium,0,2,0
481,1,10000,10000,0,paid,Low,0,2,0
481,2,10000,10000,0,paid,Low,0,2,0
481,3,10000,10000,0,paid,Low,0,2,0
482,1,10000,10000,0,paid,High,1,0,0
482,2,10000,10000,0,paid,High,1,0,0
482,3,10000,10000,0,paid,High,1,0,0
483,1,10000,10000,29,late,Medium,1,0,0
483,2,10000,10000,34,late,Medium,1,0,0
483,3,10000,10000,33,late,Medium,1,0,0
484,1,10000,10000,0,paid,High,0,0,0
484,2,10000,10000,0,paid,High,0,0,0
484,3,10000,10000,0,paid,High,0,0,0
485,1,10000,10000,16,late,Low,0,1,0
485,2,10000,10000,23,late,Low,0,1,0
485,3,10000,10000,18,late,Low,0,1,0
486,1,10000,10000,23,late,Medium,0,0,0
486,2,10000,10000,26,late,Medium,0,0,0
486,3,10000,10000,39,late,Medium,0,0,0
487,1,10000,10000,44,late,High,0,0,0
487,2,10000,10000,23,late,High,0,0,0
487,3,10000,10000,39,late,High,0,0,0
488,1,10000,10000,31,late,Medium,1,2,0
488,2,10000,10000,25,late,Medium,1,2,0
488,3,10000,10000,38,late,Medium,1,2,0
489,1,10000,10000,0,paid,Low,1,0,0
489,2,10000,10000,0,paid,Low,1,0,0
489,3,10000,10000,0,paid,Low,1,0,0
490,1,10000,10000,0,paid,Medium,0,1,0
490,2,10000,10000,0,paid,Medium,0,1,0
490,3,10000,10000,0,paid,Medium,0,1,0
491,1,10000,10000,0,paid,High,0,1,0
491,2,10000,10000,0,paid,High,0,1,0
491,3,10000,10000,0,paid,High,0,1,0
492,1,10000,0,82,default,High,0,0,1
492,2,10000,0,71,default,High,0,0,1
492,3,10000,0,71,default,High,0,0,1
493,1,10000,10000,0,paid,Medium,1,0,0
493,2,10000,10000,0,paid,Medium,1,0,0
493,3,10000,10000,0,paid,Medium,1,0,0
494,1,10000,10000,0,paid,High,0,0,0
494,2,10000,10000,0,paid,High,0,0,0
494,3,10000,10000,0,paid,High,0,0,0
495,1,10000,10000,0,paid,Medium,0,0,0
495,2,10000,10000,0,paid,Medium,0,0,0
495,3,10000,10000,0,paid,Medium,0,0,0
496,1,10000,10000,0,paid,Medium,0,0,0
496,2,10000,10000,0,paid,Medium,0,0,0
496,3,10000,10000,0,paid,Medium,0,0,0
497,1,10000,10000,0,paid,Medium,0,0,0
497,2,10000,10000,0,paid,Medium,0,0,0
497,3,10000,10000,0,paid,Medium,0,0,0
498,1,10000,10000,0,paid,Low,1,0,0
498,2,10000,10000,0,paid,Low,1,0,0
498,3,10000,10000,0,paid,Low,1,0,0
499,1,10000,10000,0,paid,Low,1,0,0
499,2,10000,10000,0,paid,Low,1,0,0
499,3,10000,10000,0,paid,Low,1,0,0
500,1,10000,10000,0,paid,Medium,0,0,0
500,2,10000,10000,0,paid,Medium,0,0,0
500,3,10000,10000,0,paid,Medium,0,0,0
